event_id,timestamp,user,country,device,resource,success,auth_method,is_attack
daa36c67-e78d-4770-a9d9-c9e6ec20140e,2026-01-27T06:58:09.395577,user1@example.com,Canada,Laptop,payroll.csv,1,password,0
e4520439-23bd-4be3-b5f7-92afbe8f6a00,2026-01-27T07:49:45.395577,user1@example.com,Canada,Laptop,email,1,password,0
94a0b46a-087a-461b-84f9-b61933111d5d,2026-01-27T08:39:49.395577,user1@example.com,Canada,Laptop,code_repo,1,mfa,0
75d1c0b5-bedb-45b0-ae2d-6af6d6d73826,2026-01-27T06:17:52.395577,user1@example.com,Canada,Laptop,email,1,mfa,0
0c140d61-fec3-46fa-93c3-e348e034b183,2026-01-27T08:29:19.395577,user1@example.com,Canada,Laptop,email,1,password,0
a2ced838-cd01-4e11-985c-d9415fe77a1a,2026-01-27T07:18:03.395577,user1@example.com,Canada,Laptop,code_repo,1,mfa,0
3ea00eb8-e801-4003-91c1-dbd535fca9de,2026-01-27T09:25:13.395577,user2@example.com,Canada,Desktop,email,1,password,0
37c076db-b66c-4927-b130-8e86cfbb3158,2026-01-27T08:18:22.395577,user2@example.com,Canada,Desktop,hr_portal,1,mfa,0
bab3b904-d1cd-4f8c-9452-474991f05122,2026-01-27T08:42:08.395577,user2@example.com,Canada,Desktop,code_repo,1,mfa,0
96e08d93-d589-4bb4-a844-63aa73ac5722,2026-01-27T07:54:45.395577,user2@example.com,Canada,Desktop,payroll.csv,1,password,0
dfcc84c2-952f-4b81-b569-2252d331da2c,2026-01-27T09:52:38.395577,user2@example.com,Canada,Desktop,finance_dashboard,1,password,0
208d30c2-3a27-47db-91a1-b53d81d45506,2026-01-27T08:36:45.395577,user2@example.com,Canada,Desktop,payroll.csv,1,password,0
d63120c6-bf6f-47f2-8570-8c238128f456,2026-01-27T08:33:21.395577,user3@example.com,USA,Laptop,email,1,password,0
b0fee033-bde4-424e-aa26-f06a1f7a21f9,2026-01-27T07:37:45.395577,user3@example.com,USA,Laptop,email,1,mfa,0
45f1ce5d-9437-400f-a668-c7b9bff81d3f,2026-01-27T06:53:59.395577,user3@example.com,USA,Laptop,wiki,1,mfa,0
6de9b62d-7382-4bd9-a956-47b7f21d8009,2026-01-27T06:28:36.395577,user3@example.com,USA,Laptop,hr_portal,1,mfa,0
4dc0c3b7-623b-474c-9ef3-4cc9e44c9409,2026-01-27T08:49:55.395577,user3@example.com,USA,Laptop,finance_dashboard,1,password,0
d27c07c2-e028-4710-b0b5-00e81bfc4eea,2026-01-27T06:44:59.395577,user3@example.com,USA,Laptop,email,1,password,0
8a7f6475-e6d2-4980-bf67-f86e7eeb93d3,2026-01-27T16:52:38.395577,user4@example.com,Canada,Mobile,payroll.csv,1,password,0
2da110c7-09e0-4d29-80f4-a469b38a9fde,2026-01-27T17:37:06.395577,user4@example.com,Canada,Mobile,wiki,1,password,0
52facdb4-47d8-433c-9b43-fb4942deec64,2026-01-27T18:58:35.395577,user4@example.com,Canada,Mobile,payroll.csv,1,mfa,0
eaa3d2fe-eceb-4517-8536-42f253e618f1,2026-01-27T18:33:35.395577,user4@example.com,Canada,Mobile,code_repo,1,mfa,0
a4d7f9ed-9a10-4680-baf6-5951f122542c,2026-01-27T16:59:24.395577,user4@example.com,Canada,Mobile,payroll.csv,1,password,0
411f9480-d59a-42fa-b555-ba29aa16d46e,2026-01-27T19:10:34.395577,user4@example.com,Canada,Mobile,payroll.csv,1,password,0
834028bb-0229-4ff7-8005-0e04902d51bd,2026-01-27T11:36:16.395577,user5@example.com,India,Mobile,hr_portal,1,password,0
05fa31e0-e696-498a-a2a0-bccdde2ac35c,2026-01-27T13:32:59.395577,user5@example.com,India,Mobile,email,1,mfa,0
aacb24c9-322d-44fc-9942-e3718d212a70,2026-01-27T12:27:31.395577,user5@example.com,India,Mobile,hr_portal,1,password,0
ade60c05-8bc9-427a-9d7c-03750002b3cf,2026-01-27T11:58:59.395577,user5@example.com,India,Mobile,email,1,password,0
e662c118-1f84-47b0-9a91-545720121c6a,2026-01-27T11:54:58.395577,user5@example.com,India,Mobile,finance_dashboard,1,mfa,0
11804e5e-53a4-4623-b8c0-61f606462d22,2026-01-27T12:12:02.395577,user5@example.com,India,Mobile,payroll.csv,1,mfa,0
0d65a44c-fe45-4b2e-a081-b642833a1af2,2026-01-27T07:55:09.395577,user6@example.com,India,Laptop,code_repo,1,mfa,0
07bb4e27-430c-4233-9cdd-5acd5d7e5d86,2026-01-27T06:27:42.395577,user6@example.com,India,Laptop,email,1,password,0
10599be0-9483-42bb-a74f-1b4ee37c5234,2026-01-27T08:26:28.395577,user6@example.com,India,Laptop,email,1,password,0
4e9c4565-656b-45d2-9261-16c3cce82d81,2026-01-27T06:17:25.395577,user6@example.com,India,Laptop,email,1,password,0
0a2da32b-32a1-452a-b6d0-02b0203f4e7b,2026-01-27T08:27:45.395577,user6@example.com,India,Laptop,payroll.csv,1,password,0
0efa3458-263d-4357-84c1-1d0235e2b9c1,2026-01-27T09:12:24.395577,user6@example.com,India,Laptop,finance_dashboard,1,password,0
d8a01255-7dbc-4e76-8c78-c151fd7607cc,2026-01-27T18:03:54.395577,user7@example.com,USA,Laptop,hr_portal,1,mfa,0
10aaa83a-498d-4275-9932-0bcbca95dbdc,2026-01-27T17:39:54.395577,user7@example.com,USA,Laptop,wiki,1,password,0
fd453de0-f299-43b9-bd27-3b1bcca9a840,2026-01-27T18:54:09.395577,user7@example.com,USA,Laptop,email,1,mfa,0
c349402d-8c1c-46bf-baa9-64af7a6b31e8,2026-01-27T16:27:40.395577,user7@example.com,USA,Laptop,hr_portal,1,password,0
93b04271-28a9-4c86-bcb3-89b4479dd480,2026-01-27T17:23:45.395577,user7@example.com,USA,Laptop,wiki,1,password,0
2be68abd-811d-4459-a1ec-a1b4dc0a1dbf,2026-01-27T18:04:23.395577,user7@example.com,USA,Laptop,finance_dashboard,1,password,0
701ba4d5-e80d-4295-8abe-65b0dcba115a,2026-01-27T17:12:16.395577,user8@example.com,China,Laptop,hr_portal,1,mfa,0
cc375967-bae4-4e4e-8993-13ec8b6d7deb,2026-01-27T17:26:23.395577,user8@example.com,China,Laptop,wiki,1,password,0
0c693b4a-44b8-48d5-b0b9-afb04310695c,2026-01-27T17:12:52.395577,user8@example.com,China,Laptop,code_repo,1,mfa,0
ad2c206b-350f-4af7-9ba2-61f88f83333a,2026-01-27T17:40:12.395577,user8@example.com,China,Laptop,payroll.csv,1,mfa,0
b13e9779-8f68-49ff-9124-d8a0be4ffc94,2026-01-27T16:24:46.395577,user8@example.com,China,Laptop,hr_portal,1,password,0
21fd96b1-3fab-4015-8c79-b23003cec1ff,2026-01-27T18:32:31.395577,user8@example.com,China,Laptop,email,1,password,0
b8c3d967-9aeb-4cbe-bedf-284aad41bb3a,2026-01-28T06:44:33.395577,user1@example.com,Canada,Laptop,hr_portal,1,password,0
a56096ed-0501-4c7a-a0f2-a843275e7afd,2026-01-28T09:07:43.395577,user1@example.com,Canada,Laptop,wiki,1,password,0
7bf362ab-1ece-46e5-8a23-28ea32de3064,2026-01-28T08:50:30.395577,user1@example.com,Canada,Laptop,finance_dashboard,1,mfa,0
f793d5e7-a97a-4f81-a847-ece8a9925600,2026-01-28T07:26:10.395577,user1@example.com,Canada,Laptop,payroll.csv,1,mfa,0
ab477d8a-daa7-4084-b6e4-71904227d18e,2026-01-28T07:21:10.395577,user1@example.com,Canada,Laptop,payroll.csv,1,mfa,0
e1edbc0c-dec1-4776-86bc-8ae7412413c1,2026-01-28T06:12:57.395577,user1@example.com,Canada,Laptop,finance_dashboard,1,password,0
cab21ece-c092-4002-9d73-e7c8075ccb71,2026-01-28T07:46:41.395577,user2@example.com,Canada,Desktop,finance_dashboard,1,mfa,0
32f4eae6-3a39-4572-bda7-1846ada57a27,2026-01-28T08:08:43.395577,user2@example.com,Canada,Desktop,code_repo,1,mfa,0
d1071f89-783a-4fb5-b13c-3a57ac855918,2026-01-28T09:57:47.395577,user2@example.com,Canada,Desktop,finance_dashboard,1,password,0
d97bdd9e-2807-4c37-bcfb-2fa70a49d6fb,2026-01-28T10:05:03.395577,user2@example.com,Canada,Desktop,code_repo,1,password,0
b803b2d8-c7ed-4413-9aa5-84cd7782b6d0,2026-01-28T07:28:35.395577,user2@example.com,Canada,Desktop,email,1,password,0
84c70c84-fa8a-4f56-b6f9-5db0f5fc7bf6,2026-01-28T08:31:06.395577,user2@example.com,Canada,Desktop,hr_portal,1,password,0
e41537b5-306c-4c49-87db-77f2d574b6f4,2026-01-28T08:53:22.395577,user3@example.com,USA,Laptop,code_repo,1,mfa,0
2f7c7f78-bef8-473e-a456-56efc9a0d49f,2026-01-28T06:18:08.395577,user3@example.com,USA,Laptop,wiki,1,password,0
cfd4fdcd-cc0c-4551-a56e-45e1da9b103b,2026-01-28T06:34:17.395577,user3@example.com,USA,Laptop,hr_portal,1,mfa,0
57db96bf-7c74-40bc-bcfa-78e6ec92e2b1,2026-01-28T06:59:56.395577,user3@example.com,USA,Laptop,finance_dashboard,1,password,0
ecfcd2d4-45fe-449b-bf86-d38bdb67236e,2026-01-28T06:17:24.395577,user3@example.com,USA,Laptop,payroll.csv,1,password,0
4cfc2e05-a18a-4ff1-b841-41e7ad32c056,2026-01-28T07:50:03.395577,user3@example.com,USA,Laptop,hr_portal,1,password,0
89bd1ace-395a-4e0e-8c30-9aa882f87a04,2026-01-28T17:36:25.395577,user4@example.com,Canada,Mobile,email,1,password,0
f21ac5b0-4a9d-4acc-a9f2-b05ebd8e41aa,2026-01-28T18:28:10.395577,user4@example.com,Canada,Mobile,email,1,mfa,0
d3cced2d-61e8-434e-8a29-c5925bb96fd6,2026-01-28T18:59:37.395577,user4@example.com,Canada,Mobile,hr_portal,1,password,0
4e4ec179-c039-485f-aa3f-7d6fc35bad2b,2026-01-28T17:13:39.395577,user4@example.com,Canada,Mobile,payroll.csv,1,mfa,0
93e57ab8-1650-4ab1-b1b0-9c1f704f6e65,2026-01-28T19:08:15.395577,user4@example.com,Canada,Mobile,hr_portal,1,password,0
5647c4c3-bf24-4851-ada4-0cc2c5a0aa48,2026-01-28T18:07:30.395577,user4@example.com,Canada,Mobile,wiki,1,mfa,0
f8ea3a1f-7f95-4171-a444-2030cb4fbdad,2026-01-28T12:32:20.395577,user5@example.com,India,Mobile,hr_portal,1,password,0
d203bb7a-0f6f-494b-9438-6d1c75946b48,2026-01-28T12:33:45.395577,user5@example.com,India,Mobile,email,1,mfa,0
3de8acfa-eaf6-4831-bd7b-4226cf0f5056,2026-01-28T12:54:00.395577,user5@example.com,India,Mobile,wiki,1,mfa,0
8b58a938-50d4-453d-8a81-06277265ec70,2026-01-28T11:20:24.395577,user5@example.com,India,Mobile,code_repo,1,mfa,0
8c7466d4-b9a3-499c-ae63-2ed4ba2b2022,2026-01-28T11:19:06.395577,user5@example.com,India,Mobile,wiki,1,mfa,0
c56a6783-9c8c-4f01-bd7b-cd541cf82c2b,2026-01-28T12:51:00.395577,user5@example.com,India,Mobile,email,1,password,0
85de30f8-4f1d-40c2-9abd-706a54d201ad,2026-01-28T07:15:13.395577,user6@example.com,India,Laptop,wiki,0,password,0
9d89b862-2d27-4f53-bcc0-8fd640d15468,2026-01-28T07:39:32.395577,user6@example.com,India,Laptop,payroll.csv,1,mfa,0
e416482a-a078-416d-92dd-d1c840372efc,2026-01-28T09:06:35.395577,user6@example.com,India,Laptop,payroll.csv,1,mfa,0
834d7249-eb90-43a0-b5d0-1dbfa2339802,2026-01-28T08:38:48.395577,user6@example.com,India,Laptop,wiki,1,password,0
b00c41f9-e6b3-42c2-90ad-2cb48de25062,2026-01-28T06:39:10.395577,user6@example.com,India,Laptop,wiki,1,password,0
635c19d0-3452-4714-9531-7f2cd3c20f87,2026-01-28T08:48:47.395577,user6@example.com,India,Laptop,wiki,1,password,0
1ec6a041-d578-40f8-9649-758345131a0b,2026-01-28T17:30:41.395577,user7@example.com,USA,Laptop,wiki,1,mfa,0
0b8ec584-c275-43bd-ab02-90df9c157bb3,2026-01-28T17:40:56.395577,user7@example.com,USA,Laptop,payroll.csv,1,mfa,0
00f0a973-bdfe-47e8-9a81-6a38ffbce4fc,2026-01-28T18:23:10.395577,user7@example.com,USA,Laptop,email,1,mfa,0
1006d10e-ac11-496d-90db-60df50a0b9d5,2026-01-28T17:05:16.395577,user7@example.com,USA,Laptop,hr_portal,1,password,0
7cf4f628-f3df-4384-832a-1bba548ef6ac,2026-01-28T16:21:29.395577,user7@example.com,USA,Laptop,email,1,mfa,0
cd002287-76bb-42bd-8a73-b122ccfb61fa,2026-01-28T19:07:17.395577,user7@example.com,USA,Laptop,email,1,password,0
5cfbd22c-c8d1-4800-8862-8af48e6dba82,2026-01-28T18:56:52.395577,user8@example.com,China,Laptop,wiki,1,password,0
e38b9b54-dc1c-406b-8828-9c6d074db067,2026-01-28T18:56:28.395577,user8@example.com,China,Laptop,email,1,password,0
f9d511aa-35e4-41f8-80ce-af62f5b9d19d,2026-01-28T17:04:12.395577,user8@example.com,China,Laptop,finance_dashboard,1,password,0
c2062e2b-b529-4383-ba1f-7cec69452629,2026-01-28T16:41:36.395577,user8@example.com,China,Laptop,wiki,1,mfa,0
020cdea7-b444-4667-aca8-63078ef86cc9,2026-01-28T17:52:20.395577,user8@example.com,China,Laptop,payroll.csv,1,mfa,0
0e9671c2-b11b-4059-800a-239b3ef0e468,2026-01-28T18:41:25.395577,user8@example.com,China,Laptop,hr_portal,1,mfa,0
b287fd24-10cb-404d-9499-83123ef50e44,2026-01-29T07:29:16.395577,user1@example.com,Canada,Laptop,hr_portal,1,mfa,0
b11791af-0aed-4884-8cd0-8da24f445dc6,2026-01-29T08:44:08.395577,user1@example.com,Canada,Laptop,hr_portal,1,password,0
0fa8d50c-c5bb-4cce-bb90-8a30d4fd4145,2026-01-29T08:30:43.395577,user1@example.com,Canada,Laptop,code_repo,1,password,0
4d2ecd0d-4997-4817-88fe-0c6a10f5124b,2026-01-29T06:21:42.395577,user1@example.com,Canada,Laptop,wiki,1,password,0
2147b1fa-f93b-4efd-aeed-8b1b37832836,2026-01-29T06:38:54.395577,user1@example.com,Canada,Laptop,code_repo,1,mfa,0
81931964-e679-4b7d-b6c1-78b21d65aa6a,2026-01-29T06:26:21.395577,user1@example.com,Canada,Laptop,wiki,1,password,0
d346539e-f94b-4b25-97d8-bed60773c18b,2026-01-29T09:36:58.395577,user2@example.com,Canada,Desktop,email,1,mfa,0
35786cb8-57e9-4bc8-8370-6ae9a48c93fd,2026-01-29T09:07:25.395577,user2@example.com,Canada,Desktop,wiki,1,password,0
a9d22913-97e4-4e6b-ac4d-5cb2d5586aa4,2026-01-29T08:26:45.395577,user2@example.com,Canada,Desktop,wiki,1,mfa,0
842e96ad-856b-4695-ab75-9c40a47a4b8f,2026-01-29T08:55:11.395577,user2@example.com,Canada,Desktop,wiki,1,mfa,0
24b7232a-33b2-4267-b786-1fac073d37e2,2026-01-29T07:52:02.395577,user2@example.com,Canada,Desktop,email,1,password,0
0b2bbaef-7143-4a94-b6b7-f69163a3bec3,2026-01-29T07:53:55.395577,user2@example.com,Canada,Desktop,hr_portal,1,password,0
8d608995-6696-4098-9639-2913e0fbca01,2026-01-29T06:28:52.395577,user3@example.com,USA,Laptop,code_repo,1,mfa,0
99bc6b7c-57b9-4a0a-a098-78a6b1784487,2026-01-29T08:01:24.395577,user3@example.com,USA,Laptop,wiki,1,mfa,0
c5c2c21d-6271-406d-81ae-d3fb9d528a07,2026-01-29T08:05:33.395577,user3@example.com,USA,Laptop,wiki,0,password,0
a1778cc9-ba10-4fb5-b84b-3ff63b59b2a0,2026-01-29T07:27:09.395577,user3@example.com,USA,Laptop,email,1,password,0
fc41ba57-14c0-46c6-b953-6a172913e4e4,2026-01-29T06:27:40.395577,user3@example.com,USA,Laptop,email,1,password,0
2c0a4fc0-532d-440e-ba1a-404a4b2b7523,2026-01-29T06:43:10.395577,user3@example.com,USA,Laptop,email,1,password,0
b1f23b97-efba-455d-872f-246ecf872c46,2026-01-29T17:56:44.395577,user4@example.com,Canada,Mobile,code_repo,1,password,0
ede02aea-c167-41d9-a5a2-0015eada4fd7,2026-01-29T16:31:34.395577,user4@example.com,Canada,Mobile,finance_dashboard,0,mfa,0
c94eff9b-81a3-42ac-84d9-b2e22bf9d288,2026-01-29T18:56:26.395577,user4@example.com,Canada,Mobile,wiki,1,password,0
afd2d373-cc97-4f92-9c2b-eee92d8fecb7,2026-01-29T16:50:12.395577,user4@example.com,Canada,Mobile,payroll.csv,1,mfa,0
4aaab38a-c61e-4296-88ba-0807fa770087,2026-01-29T18:51:19.395577,user4@example.com,Canada,Mobile,email,1,password,0
a3d13a90-6302-49ba-9af3-04608b6bfd80,2026-01-29T17:46:55.395577,user4@example.com,Canada,Mobile,payroll.csv,1,mfa,0
867c8998-d31f-45cb-aede-f2ffb6162fb3,2026-01-29T12:06:54.395577,user5@example.com,India,Mobile,wiki,1,mfa,0
9aded06a-422c-4d75-8d10-c04412ad78ad,2026-01-29T14:10:21.395577,user5@example.com,India,Mobile,wiki,1,mfa,0
d087f26e-1782-4c68-917e-d374f60f5ec2,2026-01-29T11:59:01.395577,user5@example.com,India,Mobile,payroll.csv,1,mfa,0
cb6bc26d-182b-4876-a1e1-8ff37e77cfb4,2026-01-29T12:40:20.395577,user5@example.com,India,Mobile,payroll.csv,1,mfa,0
ecb44f1a-d643-4443-bbd0-518439c33434,2026-01-29T12:06:27.395577,user5@example.com,India,Mobile,email,1,mfa,0
b289015b-7ad7-42cb-8e24-f96c644ce084,2026-01-29T12:00:57.395577,user5@example.com,India,Mobile,finance_dashboard,1,mfa,0
32b63c4f-beeb-4151-8fdc-fa9f62ede43f,2026-01-29T07:13:59.395577,user6@example.com,India,Laptop,code_repo,1,password,0
90bbe788-a171-4b5c-b0df-77423b4f49a1,2026-01-29T08:03:44.395577,user6@example.com,India,Laptop,code_repo,1,mfa,0
a2064f02-45c0-4010-9062-81217512b656,2026-01-29T08:13:01.395577,user6@example.com,India,Laptop,hr_portal,1,mfa,0
f14fc3c2-962e-499c-bd7a-0c29c6c90961,2026-01-29T07:48:16.395577,user6@example.com,India,Laptop,hr_portal,1,mfa,0
45e88295-6a54-4c64-8f6a-84bfa8fb0c70,2026-01-29T08:02:29.395577,user6@example.com,India,Laptop,email,1,mfa,0
3bff79c3-fa51-4e60-99e8-82bb5f8a074a,2026-01-29T08:27:47.395577,user6@example.com,India,Laptop,payroll.csv,1,mfa,0
364775b8-6760-42e0-8c8d-9df446c73174,2026-01-29T18:45:50.395577,user7@example.com,USA,Laptop,wiki,1,mfa,0
592e531d-6684-425d-8374-d8d8b41af0f1,2026-01-29T17:56:57.395577,user7@example.com,USA,Laptop,code_repo,1,password,0
094043e3-0881-423a-8d44-746e754cee43,2026-01-29T16:58:40.395577,user7@example.com,USA,Laptop,code_repo,1,password,0
f04e22c7-323e-4298-82b7-bd86c0a18529,2026-01-29T16:26:15.395577,user7@example.com,USA,Laptop,wiki,1,mfa,0
14d892e5-5484-4550-9976-7625ec337cb0,2026-01-29T17:05:40.395577,user7@example.com,USA,Laptop,code_repo,1,password,0
28a1db92-5c06-4648-81e0-a9a00e16c906,2026-01-29T17:13:13.395577,user7@example.com,USA,Laptop,finance_dashboard,1,password,0
f9940ee5-5aeb-4c0d-ba1f-5ee768ff486f,2026-01-29T16:47:46.395577,user8@example.com,China,Laptop,payroll.csv,1,mfa,0
fbe31dd1-7d8d-43e6-be45-1bf08b77db75,2026-01-29T17:07:28.395577,user8@example.com,China,Laptop,finance_dashboard,1,mfa,0
82c94831-e4f7-44c1-83e1-06159a6ee208,2026-01-29T17:33:39.395577,user8@example.com,China,Laptop,email,1,mfa,0
60ee9514-70f5-4f73-9a06-5623b4bab881,2026-01-29T17:04:32.395577,user8@example.com,China,Laptop,wiki,1,password,0
c4004677-44fb-48ad-820a-b6179fc4c689,2026-01-29T16:22:19.395577,user8@example.com,China,Laptop,finance_dashboard,1,password,0
4b60d9ed-143c-4291-bddd-312121802f2a,2026-01-29T16:20:03.395577,user8@example.com,China,Laptop,wiki,1,password,0
edd3c1b1-151e-435e-953b-578add29cb62,2026-01-30T08:36:56.395577,user1@example.com,Canada,Laptop,wiki,1,mfa,0
bd49fc0b-ff33-4e4d-b321-f00ea2389655,2026-01-30T07:49:07.395577,user1@example.com,Canada,Laptop,email,1,password,0
1173dfa6-733d-422e-b53b-576c5b65a4e2,2026-01-30T06:52:41.395577,user1@example.com,Canada,Laptop,code_repo,1,password,0
a6ba1c7b-1c44-4462-9986-3bd7ce2b5e09,2026-01-30T06:24:03.395577,user1@example.com,Canada,Laptop,email,1,mfa,0
1e20b5fe-12e3-4fb7-aa73-627264269a39,2026-01-30T07:57:06.395577,user1@example.com,Canada,Laptop,wiki,1,password,0
372cc414-b8ca-46ca-a6e8-c7fe259c0bc2,2026-01-30T07:57:46.395577,user1@example.com,Canada,Laptop,payroll.csv,1,password,0
9fb1240b-0cf8-444a-9298-42b09d0bde86,2026-01-30T09:27:27.395577,user2@example.com,Canada,Desktop,code_repo,1,password,0
4eacaefd-e463-4b4a-bd39-be2072b24260,2026-01-30T08:20:02.395577,user2@example.com,Canada,Desktop,hr_portal,1,mfa,0
c3ec2de7-a9e9-4b17-bb0d-b0ca88f4b124,2026-01-30T07:16:31.395577,user2@example.com,Canada,Desktop,hr_portal,1,mfa,0
ad3d5289-b273-4285-b215-c59fa79530fa,2026-01-30T08:19:57.395577,user2@example.com,Canada,Desktop,payroll.csv,1,mfa,0
b90a4a42-da81-472c-b6a1-f18418854398,2026-01-30T08:45:02.395577,user2@example.com,Canada,Desktop,wiki,1,password,0
65246c4e-bf72-40db-9f0a-1d4c808264b9,2026-01-30T08:59:48.395577,user2@example.com,Canada,Desktop,finance_dashboard,1,password,0
ce18e274-8c86-482e-886d-5431b40f302d,2026-01-30T06:56:21.395577,user3@example.com,USA,Laptop,finance_dashboard,1,password,0
f389afb9-4fc3-4ea4-a270-0c4a0d6e2583,2026-01-30T09:04:45.395577,user3@example.com,USA,Laptop,finance_dashboard,1,password,0
958bfc24-a935-43cb-8c6d-bf7f637766f2,2026-01-30T07:46:09.395577,user3@example.com,USA,Laptop,wiki,1,password,0
4e6ae9b5-ea06-454e-8a0e-322b0bb89595,2026-01-30T08:40:08.395577,user3@example.com,USA,Laptop,wiki,1,mfa,0
d5530b46-77f3-451e-9f02-cb32829ef9d6,2026-01-30T07:38:49.395577,user3@example.com,USA,Laptop,code_repo,1,password,0
9dbddec2-4a36-40f5-91ee-e3ae937a5597,2026-01-30T07:39:12.395577,user3@example.com,USA,Laptop,wiki,1,mfa,0
38faad19-be55-453a-a063-cb534fb022d1,2026-01-30T18:14:57.395577,user4@example.com,Canada,Mobile,email,1,mfa,0
417269d8-2ff0-4511-83fa-052f6f291000,2026-01-30T17:01:53.395577,user4@example.com,Canada,Mobile,finance_dashboard,1,password,0
d8e83105-ed35-45f7-a4e9-e7c0910d5df1,2026-01-30T19:08:02.395577,user4@example.com,Canada,Mobile,wiki,1,password,0
41a54eda-1834-409a-85d3-f33c5a89193b,2026-01-30T18:36:07.395577,user4@example.com,Canada,Mobile,wiki,1,password,0
604c68c0-784e-4146-b398-ef85ebb8d9a0,2026-01-30T16:30:03.395577,user4@example.com,Canada,Mobile,hr_portal,1,mfa,0
154d3af9-f577-440c-9d52-7baa70790199,2026-01-30T18:43:35.395577,user4@example.com,Canada,Mobile,email,1,password,0
74c5a9ad-de4a-465d-8334-a6d83c72a72f,2026-01-30T13:22:47.395577,user5@example.com,India,Mobile,finance_dashboard,0,mfa,0
0830e940-3440-4d6a-8903-963b8a23f263,2026-01-30T11:27:21.395577,user5@example.com,India,Mobile,email,1,password,0
a4b996d5-7052-4832-abc8-ac14f1b9d1d8,2026-01-30T14:05:37.395577,user5@example.com,India,Mobile,wiki,1,mfa,0
5ad5b886-d94c-484e-9885-dd06c47087ea,2026-01-30T13:57:45.395577,user5@example.com,India,Mobile,wiki,1,mfa,0
07347d09-b229-492b-b239-7ca4609afccd,2026-01-30T11:42:03.395577,user5@example.com,India,Mobile,hr_portal,1,password,0
ec93214f-e6db-460b-a78b-1a410a433c03,2026-01-30T11:30:17.395577,user5@example.com,India,Mobile,wiki,1,mfa,0
3d55ca7f-1059-4bef-bc3d-9e329aa48c58,2026-01-30T06:31:14.395577,user6@example.com,India,Laptop,code_repo,1,mfa,0
b492a9e0-41ff-4360-9bf3-83eca1e31a1f,2026-01-30T06:41:02.395577,user6@example.com,India,Laptop,wiki,1,mfa,0
d2fe9139-0303-412a-897e-3b620f314ca9,2026-01-30T08:11:48.395577,user6@example.com,India,Laptop,hr_portal,1,password,0
60be28d4-c0f6-4779-8910-2ac00cf50294,2026-01-30T08:36:42.395577,user6@example.com,India,Laptop,wiki,1,mfa,0
bc313dce-4f75-4a7e-b302-d1335e1a78c2,2026-01-30T09:11:19.395577,user6@example.com,India,Laptop,wiki,1,password,0
c52e71e7-d7cf-425c-8a98-c4786d8866b6,2026-01-30T07:14:36.395577,user6@example.com,India,Laptop,finance_dashboard,1,mfa,0
213785bb-d9ce-43d7-aa7e-bef2544b7702,2026-01-30T17:08:22.395577,user7@example.com,USA,Laptop,wiki,1,mfa,0
226852d9-618a-4233-b8d3-3f593646d453,2026-01-30T16:58:37.395577,user7@example.com,USA,Laptop,wiki,1,password,0
505bda67-db53-4d6e-8a6b-d82a4ef6a7b2,2026-01-30T16:43:18.395577,user7@example.com,USA,Laptop,code_repo,1,mfa,0
8097c9e6-790f-48f2-b7a3-26659e8cdc4f,2026-01-30T18:18:22.395577,user7@example.com,USA,Laptop,code_repo,1,mfa,0
b95a397a-6ae6-4eb8-a90b-c3786a18a704,2026-01-30T17:53:13.395577,user7@example.com,USA,Laptop,wiki,1,password,0
6156edce-30ab-4d30-ac01-60db96be1706,2026-01-30T18:16:43.395577,user7@example.com,USA,Laptop,payroll.csv,1,mfa,0
8e599157-b087-4a36-a4d6-02e712766386,2026-01-30T16:59:33.395577,user8@example.com,China,Laptop,wiki,1,password,0
9130772d-d2e4-49d9-89ca-58a4c074a33a,2026-01-30T17:23:12.395577,user8@example.com,China,Laptop,code_repo,1,password,0
e81faa39-00b3-43ac-9212-408b32ebf8f3,2026-01-30T18:02:31.395577,user8@example.com,China,Laptop,code_repo,1,mfa,0
44f03d28-effc-40da-aabd-a46d85967154,2026-01-30T16:28:01.395577,user8@example.com,China,Laptop,wiki,1,password,0
e46e3577-361a-42ae-98cf-2b8cfce2954f,2026-01-30T16:23:33.395577,user8@example.com,China,Laptop,finance_dashboard,1,password,0
95f70321-6508-47a2-ba9f-fcb1029937d0,2026-01-30T18:11:05.395577,user8@example.com,China,Laptop,hr_portal,1,mfa,0
55b65b9b-8a48-4628-90bf-acf6429210c2,2026-01-31T07:29:10.395577,user1@example.com,Canada,Laptop,email,1,mfa,0
3d64150a-ab45-4214-8fa7-f4a23ddbd65d,2026-01-31T07:56:02.395577,user1@example.com,Canada,Laptop,hr_portal,1,mfa,0
30fd9fd0-a90c-4c5f-bf39-de8798196280,2026-01-31T08:32:08.395577,user1@example.com,Canada,Laptop,wiki,1,mfa,0
d39fa011-9e63-4185-85cd-de11a671b71a,2026-01-31T07:24:52.395577,user1@example.com,Canada,Laptop,wiki,1,mfa,0
296bf566-fc27-43ca-932c-88e7b9d09a6d,2026-01-31T08:35:04.395577,user1@example.com,Canada,Laptop,code_repo,1,mfa,0
55718313-ee41-4c0f-8c03-5740986dd1cb,2026-01-31T07:06:10.395577,user1@example.com,Canada,Laptop,wiki,1,password,0
22440a24-5463-439d-b62d-039647a2c8d4,2026-01-31T09:59:59.395577,user2@example.com,Canada,Desktop,code_repo,1,password,0
b8730125-1617-43fc-bffd-9bd5d9cd5722,2026-01-31T10:03:50.395577,user2@example.com,Canada,Desktop,hr_portal,1,mfa,0
745bc2a6-3cd0-4508-a597-dc45e5834905,2026-01-31T10:01:14.395577,user2@example.com,Canada,Desktop,payroll.csv,1,password,0
f5066603-cea6-4328-a32e-7b3a84ebe102,2026-01-31T09:19:25.395577,user2@example.com,Canada,Desktop,payroll.csv,1,mfa,0
5ebd9768-c5d6-4831-866e-c1c86432da53,2026-01-31T08:15:05.395577,user2@example.com,Canada,Desktop,code_repo,1,password,0
af6da4f3-e2c1-4a9b-ad7d-7caea69368a6,2026-01-31T08:33:15.395577,user2@example.com,Canada,Desktop,wiki,1,password,0
138c321c-09a2-48cb-8af2-fe9af9758672,2026-01-31T09:08:51.395577,user3@example.com,USA,Laptop,finance_dashboard,1,mfa,0
dd8f3bc3-27ee-4282-a782-e76cca340399,2026-01-31T06:29:26.395577,user3@example.com,USA,Laptop,wiki,1,mfa,0
1f500493-6c08-4cb7-9638-c2425fae1221,2026-01-31T09:07:49.395577,user3@example.com,USA,Laptop,email,1,password,0
4402680d-7448-4765-befa-44d1d4e7953f,2026-01-31T07:00:42.395577,user3@example.com,USA,Laptop,payroll.csv,1,mfa,0
1a1302df-3f0b-401a-8565-c576bbe4684b,2026-01-31T08:35:33.395577,user3@example.com,USA,Laptop,wiki,0,password,0
ecf1ebf2-1b87-4408-a6a0-5b711bc0e853,2026-01-31T07:36:11.395577,user3@example.com,USA,Laptop,payroll.csv,1,mfa,0
ecad06a2-35d9-4b82-ad32-ae1141205516,2026-01-31T18:35:34.395577,user4@example.com,Canada,Mobile,payroll.csv,1,password,0
f9100a9d-ae8f-4d8c-8166-9b87cdfa99da,2026-01-31T19:09:03.395577,user4@example.com,Canada,Mobile,code_repo,1,password,0
a948123b-9ba6-4ffb-9e03-046b272a2e0f,2026-01-31T18:17:08.395577,user4@example.com,Canada,Mobile,wiki,1,mfa,0
32d54cc5-6d66-4f1f-9505-5dcfb2099816,2026-01-31T18:38:35.395577,user4@example.com,Canada,Mobile,hr_portal,1,password,0
3a68e180-f871-4a7b-b2b6-f0be0364517c,2026-01-31T17:43:35.395577,user4@example.com,Canada,Mobile,email,1,password,0
08388528-b6e0-43ca-ac92-5b69eaf3729e,2026-01-31T17:41:51.395577,user4@example.com,Canada,Mobile,payroll.csv,1,mfa,0
e0ea54f2-34e8-4a14-87b9-d70814f6d54b,2026-01-31T14:00:14.395577,user5@example.com,India,Mobile,hr_portal,1,password,0
80e3ac32-deed-418c-bae6-910fd7fdaf74,2026-01-31T12:51:54.395577,user5@example.com,India,Mobile,code_repo,1,mfa,0
b2603d20-b64a-4eca-8d6b-a31419a294f9,2026-01-31T11:40:56.395577,user5@example.com,India,Mobile,hr_portal,1,password,0
092f23f6-77bf-4764-89ef-bbe8626bf164,2026-01-31T13:36:02.395577,user5@example.com,India,Mobile,payroll.csv,1,mfa,0
81a3b16a-9a25-4058-b356-b54576504b5d,2026-01-31T12:24:35.395577,user5@example.com,India,Mobile,wiki,1,password,0
50918ae4-80d3-4670-850f-3eac1e4d3433,2026-01-31T13:53:06.395577,user5@example.com,India,Mobile,email,1,mfa,0
761349db-fdba-4e00-ade0-4dbddb47a120,2026-01-31T06:21:18.395577,user6@example.com,India,Laptop,finance_dashboard,1,password,0
264413b9-9f7b-44c2-b4b1-d32aaef0cbc2,2026-01-31T08:26:20.395577,user6@example.com,India,Laptop,hr_portal,1,password,0
a8e27b1a-1ab4-420d-8687-576ed6ba4f63,2026-01-31T08:12:45.395577,user6@example.com,India,Laptop,hr_portal,1,mfa,0
d1849292-3f63-4caa-843c-e73f299d4933,2026-01-31T06:20:10.395577,user6@example.com,India,Laptop,email,1,mfa,0
d6c0dfd5-3728-4c60-83a3-45f0c88411de,2026-01-31T06:49:48.395577,user6@example.com,India,Laptop,email,1,password,0
94f2fb92-1f2d-4262-97bf-8f8614477bcf,2026-01-31T06:59:54.395577,user6@example.com,India,Laptop,finance_dashboard,1,password,0
12d55c80-dbe0-4b11-a7ae-34d1bf0e2512,2026-01-31T17:41:17.395577,user7@example.com,USA,Laptop,code_repo,1,password,0
0ef9254f-1125-4215-9798-c8ced68e014c,2026-01-31T17:44:42.395577,user7@example.com,USA,Laptop,finance_dashboard,1,mfa,0
9d5db9a8-490c-42de-9546-726491851331,2026-01-31T17:53:29.395577,user7@example.com,USA,Laptop,email,1,mfa,0
2645f3cb-9438-487f-bacd-d70c849c2ea2,2026-01-31T17:55:34.395577,user7@example.com,USA,Laptop,wiki,1,mfa,0
7853e3bb-f644-44a8-a3ef-8da33cb691b0,2026-01-31T17:09:33.395577,user7@example.com,USA,Laptop,code_repo,1,password,0
df974e08-6a34-4ec3-88f1-d59151e0a860,2026-01-31T16:30:07.395577,user7@example.com,USA,Laptop,payroll.csv,1,mfa,0
bffe9539-6efe-4b5f-916e-f60c9482b79d,2026-01-31T17:51:01.395577,user8@example.com,China,Laptop,code_repo,1,mfa,0
efec086c-3846-4bde-bb11-3963c7267992,2026-01-31T17:03:12.395577,user8@example.com,China,Laptop,email,1,password,0
b08ab8dc-84bf-4d48-b000-214ca07a296b,2026-01-31T17:41:24.395577,user8@example.com,China,Laptop,hr_portal,1,mfa,0
16ab7160-d748-4c5a-8a12-88849d037c12,2026-01-31T17:39:14.395577,user8@example.com,China,Laptop,email,1,mfa,0
ee20f8c3-5065-4670-9501-57226957ec60,2026-01-31T18:28:51.395577,user8@example.com,China,Laptop,hr_portal,1,mfa,0
26374ca3-8823-4f9c-add2-e5fb24d822d9,2026-01-31T16:18:21.395577,user8@example.com,China,Laptop,email,1,password,0
6ff32415-e145-4ad8-806e-bbceb2ccd3d3,2026-02-01T08:59:51.395577,user1@example.com,Canada,Laptop,hr_portal,1,mfa,0
f1a2753e-0c62-42aa-bf33-6efe1aaadfc4,2026-02-01T08:19:54.395577,user1@example.com,Canada,Laptop,code_repo,1,mfa,0
2292cb51-047a-4cec-9429-6159e38d94e8,2026-02-01T08:15:46.395577,user1@example.com,Canada,Laptop,finance_dashboard,1,password,0
29e53fbe-d975-40c9-8af0-c7539b9bab92,2026-02-01T08:44:41.395577,user1@example.com,Canada,Laptop,hr_portal,1,password,0
54b8b283-54d7-46a0-8f92-8c1908d1ee21,2026-02-01T06:35:22.395577,user1@example.com,Canada,Laptop,finance_dashboard,1,mfa,0
50733d4d-7847-44e6-bc1c-2c8f7ea806bd,2026-02-01T08:27:19.395577,user1@example.com,Canada,Laptop,wiki,1,password,0
39e17b74-0b85-47ed-b072-9a8bf437dab6,2026-02-01T10:12:10.395577,user2@example.com,Canada,Desktop,payroll.csv,1,password,0
5365c522-2250-4bca-8f11-839cca0d0e22,2026-02-01T08:57:16.395577,user2@example.com,Canada,Desktop,code_repo,1,mfa,0
3baf2f83-ce48-4d33-bf4c-5261c3b92376,2026-02-01T07:24:23.395577,user2@example.com,Canada,Desktop,hr_portal,1,mfa,0
29e1a161-cbe1-4bf2-9b1a-e39fb1a6c36b,2026-02-01T07:22:15.395577,user2@example.com,Canada,Desktop,payroll.csv,1,password,0
31689f40-8ae9-42b7-a48b-c4a8e0317721,2026-02-01T09:45:41.395577,user2@example.com,Canada,Desktop,wiki,1,mfa,0
d37887aa-0f7a-4338-814b-9ed08376bbbf,2026-02-01T07:35:47.395577,user2@example.com,Canada,Desktop,payroll.csv,1,password,0
4f7380cf-bc9a-4c9d-8bb3-4f809a3a68d5,2026-02-01T06:21:38.395577,user3@example.com,USA,Laptop,finance_dashboard,1,password,0
a87c2bc6-5479-4287-8684-2532ea19945d,2026-02-01T07:41:10.395577,user3@example.com,USA,Laptop,wiki,1,mfa,0
ef6f629f-6ccb-4c59-a2d8-45f556d996e6,2026-02-01T07:29:41.395577,user3@example.com,USA,Laptop,finance_dashboard,1,mfa,0
999ec651-4e28-4f3a-8cb4-22dc7ab6c330,2026-02-01T06:31:11.395577,user3@example.com,USA,Laptop,payroll.csv,1,mfa,0
b498ae0c-a561-4ea4-8427-10dc773255fc,2026-02-01T06:26:53.395577,user3@example.com,USA,Laptop,finance_dashboard,1,password,0
a859d181-94de-4957-84f8-20ef63f440c9,2026-02-01T07:26:17.395577,user3@example.com,USA,Laptop,hr_portal,1,mfa,0
7fb209c1-9824-4f7e-abf4-3e30ad52f3e0,2026-02-01T17:19:28.395577,user4@example.com,Canada,Mobile,wiki,1,password,0
a89d5b39-827d-4e88-b66d-a6bf8d871487,2026-02-01T16:37:02.395577,user4@example.com,Canada,Mobile,payroll.csv,1,mfa,0
529283d9-3d89-451d-bed9-48a4d7bb18cd,2026-02-01T16:38:23.395577,user4@example.com,Canada,Mobile,payroll.csv,1,password,0
600e244f-2242-4972-8075-20d47ef6db4c,2026-02-01T18:10:32.395577,user4@example.com,Canada,Mobile,code_repo,1,mfa,0
4a69f534-bc43-4687-998c-9dfa944e5ca6,2026-02-01T18:52:54.395577,user4@example.com,Canada,Mobile,code_repo,1,password,0
43590ec8-f3ac-4a78-8a53-8692f483d92b,2026-02-01T17:23:19.395577,user4@example.com,Canada,Mobile,finance_dashboard,1,mfa,0
45d547a5-d3da-400c-9f48-4fb89644fb09,2026-02-01T11:40:22.395577,user5@example.com,India,Mobile,email,1,mfa,0
49e4ac39-855a-4c48-a8e2-38b10faa9e2e,2026-02-01T13:17:53.395577,user5@example.com,India,Mobile,code_repo,1,password,0
252aa95a-dcdb-4566-a976-e0330190a64a,2026-02-01T13:01:38.395577,user5@example.com,India,Mobile,email,1,password,0
c2fd03ed-dbac-4a16-8773-ef0f237f37b7,2026-02-01T13:44:40.395577,user5@example.com,India,Mobile,code_repo,1,password,0
0671d2fe-9a12-45de-b81b-ae2f909aa428,2026-02-01T11:18:37.395577,user5@example.com,India,Mobile,code_repo,1,password,0
c6565ba6-223d-44ad-9cda-7dcc0262b8f1,2026-02-01T13:16:39.395577,user5@example.com,India,Mobile,payroll.csv,1,mfa,0
f735f99a-aff2-4d75-9c41-41e08ef8e731,2026-02-01T09:12:24.395577,user6@example.com,India,Laptop,finance_dashboard,1,mfa,0
e30cc81b-4f26-4dd9-a16b-dcbf9c480c91,2026-02-01T08:32:37.395577,user6@example.com,India,Laptop,wiki,1,mfa,0
b87003d6-a41c-46ce-b04f-bd82719ce744,2026-02-01T08:32:18.395577,user6@example.com,India,Laptop,code_repo,1,mfa,0
7db7b840-b6b7-4755-8c16-d8f6c7ba6c23,2026-02-01T08:16:47.395577,user6@example.com,India,Laptop,wiki,1,password,0
28004ee0-baeb-46dc-8c0c-5cb10c48ce9e,2026-02-01T08:05:46.395577,user6@example.com,India,Laptop,email,1,password,0
2a7a4e0b-5628-4f2e-980e-34e442ff7f7e,2026-02-01T08:51:00.395577,user6@example.com,India,Laptop,wiki,1,password,0
303b6709-5826-4194-934f-7c2712c07331,2026-02-01T18:11:19.395577,user7@example.com,USA,Laptop,finance_dashboard,1,mfa,0
c240659d-aaa9-452f-ba77-72d13a9b90a5,2026-02-01T18:43:00.395577,user7@example.com,USA,Laptop,hr_portal,1,mfa,0
548fc32a-3553-46a4-86d7-7a7a13e3de34,2026-02-01T17:04:25.395577,user7@example.com,USA,Laptop,code_repo,1,password,0
8d84e513-5dea-4827-896a-3ac03892269a,2026-02-01T18:53:39.395577,user7@example.com,USA,Laptop,email,1,mfa,0
6f88e172-2b31-4a76-9ae0-d8ac44510e46,2026-02-01T17:46:01.395577,user7@example.com,USA,Laptop,finance_dashboard,1,mfa,0
1eb15c9c-5e44-4cb1-b84f-eb23e8fa5e24,2026-02-01T17:36:54.395577,user7@example.com,USA,Laptop,code_repo,1,password,0
10c5328d-31db-4fa2-9947-9bdf57844223,2026-02-01T18:53:49.395577,user8@example.com,China,Laptop,email,1,mfa,0
1b05f11a-f4e1-495a-9b2c-97585a06ff5e,2026-02-01T17:29:14.395577,user8@example.com,China,Laptop,payroll.csv,1,password,0
f772de2a-cd9b-41c1-a270-ffcbf1fc1ae3,2026-02-01T17:18:05.395577,user8@example.com,China,Laptop,payroll.csv,1,mfa,0
d4e92e6b-2de0-4c20-b2a8-72ad8010c546,2026-02-01T17:54:12.395577,user8@example.com,China,Laptop,payroll.csv,1,password,0
29e8a0af-1c6e-42b3-a786-3030bd928386,2026-02-01T17:47:52.395577,user8@example.com,China,Laptop,payroll.csv,1,password,0
7e6dd1d2-838f-4d45-ae0d-9a43df8dee14,2026-02-01T18:57:21.395577,user8@example.com,China,Laptop,payroll.csv,1,password,0
a6970d7e-e042-4d28-80b6-0b21db20cb2f,2026-02-02T08:54:55.395577,user1@example.com,Canada,Laptop,finance_dashboard,1,mfa,0
e01400eb-dde4-435e-96b6-8e371c437399,2026-02-02T07:23:41.395577,user1@example.com,Canada,Laptop,code_repo,1,mfa,0
be4b0611-e3c1-4b69-a933-5bd3693ec43a,2026-02-02T06:26:36.395577,user1@example.com,Canada,Laptop,hr_portal,1,password,0
976363ff-ea19-47b6-bfff-cb1e4e65701f,2026-02-02T09:02:02.395577,user1@example.com,Canada,Laptop,payroll.csv,1,password,0
a2882331-471b-4fc0-97dd-10da820ab742,2026-02-02T08:34:24.395577,user1@example.com,Canada,Laptop,finance_dashboard,1,mfa,0
0724166b-ac52-4be3-86b2-472c2dc5dc68,2026-02-02T06:22:39.395577,user1@example.com,Canada,Laptop,payroll.csv,1,password,0
52bcc368-893d-4155-bac4-b9bc91ca3d1b,2026-02-02T09:40:30.395577,user2@example.com,Canada,Desktop,wiki,1,password,0
bdd86cd1-8ae1-41d9-8458-d8cfd37f3530,2026-02-02T08:51:46.395577,user2@example.com,Canada,Desktop,payroll.csv,1,password,0
97efbf16-75b9-4a55-b8ca-017a00de1eba,2026-02-02T09:27:47.395577,user2@example.com,Canada,Desktop,wiki,1,password,0
447828b1-985c-4e35-8fe2-df8b9472ae05,2026-02-02T08:56:04.395577,user2@example.com,Canada,Desktop,wiki,1,mfa,0
8bc1842e-9fa6-456a-810f-dcda370295ce,2026-02-02T08:45:01.395577,user2@example.com,Canada,Desktop,wiki,1,password,0
ff1e4281-9762-4fc0-ba4c-8e014d00e137,2026-02-02T09:21:23.395577,user2@example.com,Canada,Desktop,code_repo,1,mfa,0
435ea860-66a9-4a8b-948e-46ec251b2b18,2026-02-02T07:48:27.395577,user3@example.com,USA,Laptop,email,1,password,0
3a00bee8-7d26-4ba6-8a9b-93f704a76593,2026-02-02T07:18:16.395577,user3@example.com,USA,Laptop,hr_portal,1,password,0
364e0ade-7892-4ce2-95d8-482669baf2f7,2026-02-02T07:18:26.395577,user3@example.com,USA,Laptop,hr_portal,1,mfa,0
38042137-04fc-4873-9071-1969950fd39a,2026-02-02T06:38:31.395577,user3@example.com,USA,Laptop,wiki,1,password,0
fed58702-658d-498a-9992-73b99bec5b96,2026-02-02T07:17:51.395577,user3@example.com,USA,Laptop,hr_portal,0,password,0
3c3bfd70-6b7f-4c1f-8c57-8af995e42d74,2026-02-02T08:53:49.395577,user3@example.com,USA,Laptop,hr_portal,1,mfa,0
87112777-d22f-43ae-9b6d-a311532a31ab,2026-02-02T17:57:21.395577,user4@example.com,Canada,Mobile,hr_portal,1,mfa,0
52a623e7-27af-4cd8-9ab8-3cf7982b342e,2026-02-02T17:51:28.395577,user4@example.com,Canada,Mobile,email,0,password,0
4eeb5f6d-a91f-49b4-9c71-6d44d5e7f7f2,2026-02-02T16:48:14.395577,user4@example.com,Canada,Mobile,finance_dashboard,1,password,0
d2fa428a-94cd-45d1-83ac-b4ccf6491ff1,2026-02-02T17:27:47.395577,user4@example.com,Canada,Mobile,email,1,mfa,0
17beffac-052d-4e7b-9353-5b6562a6b055,2026-02-02T19:03:07.395577,user4@example.com,Canada,Mobile,wiki,1,mfa,0
7b680efa-5009-4071-a4d2-53623f05b671,2026-02-02T18:46:29.395577,user4@example.com,Canada,Mobile,payroll.csv,1,password,0
0b0f600a-4010-4dfb-8004-b6c617d0c2fa,2026-02-02T13:21:46.395577,user5@example.com,India,Mobile,wiki,0,mfa,0
5fdc62e9-24d4-4412-90b5-65bc8bb65e50,2026-02-02T11:48:54.395577,user5@example.com,India,Mobile,hr_portal,1,password,0
96f1405e-e3ae-4d66-8ffb-f80470f174a1,2026-02-02T13:35:32.395577,user5@example.com,India,Mobile,finance_dashboard,1,password,0
9f00c2e8-54b8-4300-ba95-cb01ece48f90,2026-02-02T13:07:58.395577,user5@example.com,India,Mobile,email,1,mfa,0
39fba931-8f73-4eed-bf74-1b5597c260a9,2026-02-02T12:59:29.395577,user5@example.com,India,Mobile,code_repo,1,mfa,0
d3a6172c-fa08-4095-98ca-60c6ecb0ad3b,2026-02-02T11:59:10.395577,user5@example.com,India,Mobile,payroll.csv,1,mfa,0
52ad563a-2af2-4c15-8d93-dd9a0a056484,2026-02-02T06:14:50.395577,user6@example.com,India,Laptop,finance_dashboard,1,password,0
4db14242-c19b-4fb9-b42e-d19ee8758ff4,2026-02-02T08:42:12.395577,user6@example.com,India,Laptop,wiki,1,password,0
d7110654-2a4e-42e1-9faa-2e601f7f809c,2026-02-02T06:58:17.395577,user6@example.com,India,Laptop,wiki,1,password,0
479a2fdc-8294-4c2f-ace5-130c0122c32b,2026-02-02T07:02:40.395577,user6@example.com,India,Laptop,email,1,mfa,0
7ff18630-0554-4ed8-8dc1-042e1a203c71,2026-02-02T08:38:20.395577,user6@example.com,India,Laptop,finance_dashboard,1,password,0
791bf7cb-609e-4a9e-99bc-03281b66db64,2026-02-02T08:24:46.395577,user6@example.com,India,Laptop,code_repo,1,password,0
58c092a1-82a2-478b-9b07-17ec53eda85e,2026-02-02T18:33:45.395577,user7@example.com,USA,Laptop,email,1,mfa,0
418b85f4-aa58-421c-a9aa-c1c922a94192,2026-02-02T17:59:56.395577,user7@example.com,USA,Laptop,wiki,1,password,0
b8163316-c264-415c-b4d6-d81d31dd3ec9,2026-02-02T17:56:59.395577,user7@example.com,USA,Laptop,code_repo,1,mfa,0
eb614670-323b-4775-a9ef-81ed2497fb49,2026-02-02T16:58:55.395577,user7@example.com,USA,Laptop,email,1,password,0
d5e37ed9-38cb-4a69-97c7-b587a020a54f,2026-02-02T18:30:48.395577,user7@example.com,USA,Laptop,email,1,mfa,0
c1ee5642-f274-48b5-a8fd-9db681dbcd15,2026-02-02T17:41:06.395577,user7@example.com,USA,Laptop,payroll.csv,1,mfa,0
900c2d6c-1c56-4714-a431-a8a7fa4c9739,2026-02-02T17:40:30.395577,user8@example.com,China,Laptop,payroll.csv,1,mfa,0
c90c1f5e-6c14-4b93-8973-44c670559401,2026-02-02T18:39:45.395577,user8@example.com,China,Laptop,payroll.csv,1,password,0
65ddbf0f-457d-4d54-92c7-2022418ec277,2026-02-02T16:55:08.395577,user8@example.com,China,Laptop,wiki,1,password,0
b097d7c2-893a-4630-b459-c3e1d81b1c17,2026-02-02T16:22:22.395577,user8@example.com,China,Laptop,finance_dashboard,1,mfa,0
d5fd8714-a5ae-4a52-9f75-455a12189e27,2026-02-02T16:20:32.395577,user8@example.com,China,Laptop,hr_portal,1,mfa,0
8559a585-e3b5-4f4c-8c71-55a3492ea139,2026-02-02T17:37:04.395577,user8@example.com,China,Laptop,email,1,mfa,0
023f8376-0299-4692-950f-47ee925c5b9c,2026-01-28T01:24:28.395577,user1@example.com,Germany,UnknownPhone-9000,payroll.csv,1,password,1
165f4c01-b3cd-45c3-a7fa-ce32bf4ca022,2026-01-29T00:17:28.395577,user4@example.com,Canada,Mobile,payroll.csv,1,password,1
